merged_1_8,merged_9_12
"1,北海道大学,ソフトウェア工学,完了,情報エレクトロニクス学科",",抽象データ型,データ構造化,プログラミング方法論, デザインパターン,UML,開発プロセス,https://www.dropbox.com/scl/fi/2z7ae4k6bzeu1csiucg7m/HOKKAIDO-Univ.-Entry-System-of-Syllabi-and-Academic-Records.pdf?rlkey=ysojlihtiq8o49y2x0bgf2unw&st=7i3wyr5m&dl=0, プログラミング作法,構造化プログラミング,プログラミング作法,設計パターン,データフォーマット,開発手法,システムの構成,ソフトウェアプロセス,オブジェクト指向プログラミング, オブジェクト指向プログラミング,デザインパターン,データ形式, UML, アジャイル開発,ソフトウェアアーキテクチャ"
"2,ソフトウェア技術を利用したシステム構築のための技術論Ⅰ,関連なし,40,完了,基幹教育科目,九州大学",https://www.dropbox.com/scl/fi/z049ue5xr4xw0c6c4ja4z/.pdf?rlkey=9tgfll87qk6fsq3xar9yz27yc&st=42hmzovn&dl=0
"ソフトウェア技術を利用したシステム構築のための技術論Ⅱ,3,関連なし,40,基幹教育科目,九州大学",https://www.dropbox.com/scl/fi/ujndel0hcq226h44fks1y/.pdf?rlkey=pjnpysbezwk85y5zd95jco6zc&st=t4ldvs5a&dl=0
"ソフトウェア技術を利用した創造的サービス構築論Ⅰ,4,関連なし,40,基幹教育科目,九州大学",https://www.dropbox.com/scl/fi/a5fy56vcvf2y195x9lpca/.pdf?rlkey=za4ozgtqjl8yhn49tb7h40w8x&st=4v5w8t9o&dl=0
"ソフトウェア技術を利用した創造的サービス構築論Ⅱ,関連なし,40,完了,基幹教育科目,5,九州大学",https://www.dropbox.com/scl/fi/oqma4klbjvtj140mmum1s/.pdf?rlkey=o888fezmtp3lcveq2xfib56u0&st=wkkf552v&dl=0
"6,ソフトウェア工学Ⅰ,40,完了,理学部,九州大学","品質保証,https://www.dropbox.com/scl/fi/c5i90h9rjzc22muexr3yb/_.pdf?rlkey=7b4qwyjt8f6fhqyo253rxns0l&st=r28swz8g&dl=0,開発支援ツール,UML,開発プロセス,プロジェクト管理,事前条件/事後条件,Floyd-Hoare 論理,オブジェクト指向,1,構造化,ソフトウェア開発手法,VDM,プログラム検証,プログラムの正当性,要求獲得,形式仕様記述言語,保守,形式手法,プログラム正当性,ソフトウェア開発プロセス"
"7,重複,ソフトウェア工学Ⅱ ,40,完了,理学部,九州大学",https://www.dropbox.com/scl/fi/n0rcarz2kbsck6ys7gmb9/_.pdf?rlkey=9zcvgrvxi4teb04f5b3ao977h&st=dmbiame5&dl=0
"8,重複,工学部,ソフトウェア工学Ⅰ,40,完了,九州大学",https://www.dropbox.com/scl/fi/hg6zzfqzv6nwd97tmi9ad/I-_.pdf?rlkey=4j9spt6er7al6baitjvucob8y&st=zfzd4vtw&dl=0
"重複,工学部,ソフトウェア工学Ⅱ ,40,完了,9,九州大学",https://www.dropbox.com/scl/fi/bm4o5dv0uh7yta9znlx2i/I-_.pdf?rlkey=frf6j2meac1w299zywkwrpx3m&st=l0yyyeec&dl=0
"36,岡山大学,10,工学部,ソフトウェア設計,完了","ソフトウェア構築,アーキテクチャパターン,アスペクト指向,脆弱性,https://kyomu.adm.okayama-u.ac.jp/Portal/Public/Syllabus/DetailMain.aspx?lct_year=2024&lct_cd=2024093220&je_cd=1,ヒューマンインタフェース設計,セーフティ・セキュリティ設計,オブジェクト指向設計,プロテクション技術,1,ソフトウェア品質特性,設計メトリクス,デザインパターン,継続的インテグレーション,設計品質の評価,要求分析,ソフトウェアの構造,ソフトウェアの振る舞い,構造化設計"
"36,岡山大学,情報工学実験C (ソフトウェア),工学部,関連なし,完了,11",https://kyomu.adm.okayama-u.ac.jp/Portal/Public/Syllabus/DetailMain.aspx?lct_year=2024&lct_cd=2024093224&je_cd=1
"36,ソフトウェア工学,岡山大学,工学部,12,完了","ソフトウェアテスト,品質保証,プロジェクト管理,ソフトウェアライフサイクル,ソフトウェアメトリクス,ソフトウェアと法律・契約,ソフトウェアプロセス,https://kyomu.adm.okayama-u.ac.jp/Portal/Public/Syllabus/DetailMain.aspx?lct_year=2024&lct_cd=2024093237&je_cd=1,ソフトウェア見積もり,リスク管理,ソフトウェア開発の法的側面"
"36,岡山大学,重複,工学部情報・電気・数理データサイエンス系情報工学コース,13,ソフトウェア設計,完了",https://kyomu.adm.okayama-u.ac.jp/Portal/Public/Syllabus/DetailMain.aspx?lct_year=2024&lct_cd=2024098418&je_cd=1
"14,36,岡山大学,情報工学実験Ｃ（ソフトウェア）,重複,工学部情報・電気・数理データサイエンス系情報工学コース,完了",https://kyomu.adm.okayama-u.ac.jp/Portal/Public/Syllabus/DetailMain.aspx?lct_year=2024&lct_cd=2024098423&je_cd=1
"36,ソフトウェア工学,岡山大学,15,重複,工学部情報・電気・数理データサイエンス系情報工学コース,完了",https://kyomu.adm.okayama-u.ac.jp/Portal/Public/Syllabus/DetailMain.aspx?lct_year=2024&lct_cd=2024098616&je_cd=1
"NoInfo,36,16,岡山大学,定量的ソフトウェア開発管理,分析対象外",https://kyomu.adm.okayama-u.ac.jp/Portal/Public/Syllabus/DetailMain.aspx?lct_year=2024&lct_cd=2024432114&je_cd=1
"NoInfo,36,岡山大学,分析対象外,ソフトウェア開発法１,17",https://kyomu.adm.okayama-u.ac.jp/Portal/Public/Syllabus/DetailMain.aspx?lct_year=2024&lct_cd=2024432117&je_cd=1
"NoInfo,36,岡山大学,18,ソフトウェア開発法２,分析対象外",https://kyomu.adm.okayama-u.ac.jp/Portal/Public/Syllabus/DetailMain.aspx?lct_year=2024&lct_cd=2024432118&je_cd=1
"36,岡山大学,環境生命自然科学研究科,定量的ソフトウェア開発管理,19,分析対象外",https://kyomu.adm.okayama-u.ac.jp/Portal/Public/Syllabus/DetailMain.aspx?lct_year=2024&lct_cd=202450E008&je_cd=1
"20,36,岡山大学,環境生命自然科学研究科,ソフトウェア開発法（基礎）,分析対象外",https://kyomu.adm.okayama-u.ac.jp/Portal/Public/Syllabus/DetailMain.aspx?lct_year=2024&lct_cd=202450E010&je_cd=1
"36,岡山大学,環境生命自然科学研究科,ソフトウェア開発法（応用）,分析対象外,21",https://kyomu.adm.okayama-u.ac.jp/Portal/Public/Syllabus/DetailMain.aspx?lct_year=2024&lct_cd=202450E011&je_cd=1
"NoInfo,36,岡山大学,ソフトウェア検証論,分析対象外,22",https://kyomu.adm.okayama-u.ac.jp/Portal/Public/Syllabus/DetailMain.aspx?lct_year=2024&lct_cd=202450E016&je_cd=1
"36,岡山大学,環境生命自然科学研究科,ソフトウェア開発実習,23,分析対象外",https://kyomu.adm.okayama-u.ac.jp/Portal/Public/Syllabus/DetailMain.aspx?lct_year=2024&lct_cd=202450Z012&je_cd=1
"24,36,岡山大学,環境生命自然科学研究科,分析対象外,計算機ソフトウェア特論",https://kyomu.adm.okayama-u.ac.jp/Portal/Public/Syllabus/DetailMain.aspx?lct_year=2024&lct_cd=2024791401&je_cd=1
"36,岡山大学,環境生命自然科学研究科,25,分析対象外,ソフトウェア構成論",https://kyomu.adm.okayama-u.ac.jp/Portal/Public/Syllabus/DetailMain.aspx?lct_year=2024&lct_cd=2024791403&je_cd=1
"36,岡山大学,ソフトウェア分析学,26,環境生命自然科学研究科,分析対象外",https://kyomu.adm.okayama-u.ac.jp/Portal/Public/Syllabus/DetailMain.aspx?lct_year=2024&lct_cd=2024791409&je_cd=1
"36,岡山大学,自律ソフトウェア設計論,環境生命自然科学研究科,27,分析対象外",https://kyomu.adm.okayama-u.ac.jp/Portal/Public/Syllabus/DetailMain.aspx?lct_year=2024&lct_cd=2024791415&je_cd=1
"28,36,知能ソフトウェア基礎学特別演習,岡山大学,先進理工科学学位プログラム,分析対象外",https://kyomu.adm.okayama-u.ac.jp/Portal/Public/Syllabus/DetailMain.aspx?lct_year=2024&lct_cd=20247914B8&je_cd=1
"36,岡山大学,	知能ソフトウェア基礎学特別演習,先進理工科学学位プログラム,分析対象外,29",https://kyomu.adm.okayama-u.ac.jp/Portal/Public/Syllabus/DetailMain.aspx?lct_year=2024&lct_cd=20247914B9&je_cd=1
"36,知能ソフトウェア基礎学特別演習,岡山大学,先進理工科学学位プログラム,分析対象外,30",https://kyomu.adm.okayama-u.ac.jp/Portal/Public/Syllabus/DetailMain.aspx?lct_year=2024&lct_cd=20247914C1&je_cd=1
"計算機ソフトウェア１ ,プログラミング基礎,関連なし,完了,理学部,31,57,名古屋大学",https://www.dropbox.com/scl/fi/1bl305a7e7w0c4wix9ur0/1_.pdf?rlkey=9iwtril6sb77ureo1uic2op08&st=maileeaq&dl=0
"計算機ソフトウェア１ ,重複,工学部,完了,名古屋大学,32,57,理学と重複",https://www.dropbox.com/scl/fi/yhnb6ch5dqi8uxjfunp0t/1_.pdf?rlkey=tzaaeh9ku7f4bdzwsx9kp4f6e&st=j39nje72&dl=0
"プログラミング基礎,関連なし,33,完了,理学部,57,計算機ソフトウェア2,名古屋大学",https://www.dropbox.com/scl/fi/qp2fsct6zboaw8okh5qr9/2_.pdf?rlkey=zy16s1j79sta2m5siry36r1vk&st=qzamtju3&dl=0
"34,57,重複,工学部,完了,名古屋大学,計算機ソフトウェア2,理学と重複",https://www.dropbox.com/scl/fi/ntgihs6cu13me4ai7zntm/2_.pdf?rlkey=oljsmb9229s5eib6ok33jt2gg&st=8bz9krrw&dl=0
"ソフトウェア工学基礎（2022年度以降入学者） ,情報学部 ,（メモ）28件ヒット,名古屋大学,57,35","要求定義作業,設計作業,https://www.dropbox.com/scl/fi/ca5avi58zuuwlcg8ijeud/2022.pdf?rlkey=00pv18tfslqnaeapbnanl7j99&st=wysko151&dl=0,テスト,ソフトウェアライフサイクル,ウォータフォール型開発,要求定義,プログラミング,ソフトウェア設計,ソフトウェア開発管理,アジャイル開発,ソフトウェア開発プロセス"
"36,情報学部 ,　集中科目（ゼミ？）16件,ソフトウェア設計法（2022年度以降入学者）, 大学院4件削除,名古屋大学,57","機能分割,オブジェクト指向設計,UML記法,シーケンス図,オブジェクト指向プログラミング,https://www.dropbox.com/scl/fi/slkuqg5t5qcldxobyi0vx/2022.pdf?rlkey=4scmoo2qbkhudb3q5w6yh0xvb&st=k4hlhdmw&dl=0, ソフトウェアライフサイクル,UML,ソフトウェアの構成要素,クラス図,機能配置"
"情報学部 ,37,完了,名古屋大学,ソフトウェア設計法１（2021年度以前入学者） ,情報不足,57",https://www.dropbox.com/scl/fi/k7v7f9t4jcblbbqe5ooeg/2021.pdf?rlkey=pw9j13lybk2avghq62exnq2lu&st=b6tfzvb4&dl=0
"ソフトウェア設計法２（2021年度以前入学者） ,情報学部 ,完了,名古屋大学,38,情報不足,57",https://www.dropbox.com/scl/fi/fi471buliy4vpc39rcpsh/2021.pdf?rlkey=s064gieqpga2ac1dru33lo9oc&st=s5fjagu0&dl=0
"和歌山大学,63,システム工学部,工学部,39,ソフトウェア工学概論","ソフトウェアテスト,1,解析と合成（モデリング）,ツールと環境,構造化分析・オブジェクト指向分析,パターンとバリエーション,構造化・抽象化,ソフトウェア品質,ソフトウェアプロセス,ソフトウェア設計,トレンド予測,要求の獲得と記述,比較評価と確認・検証,仕様化,https://web.wakayama-u.ac.jp/syllabus/S1/S1_S1407430_S1_ja_JP_167.html,アーキテクチャとパターン,保守と発展"
"2,ソフトウェア工学,システム理化学科数理情報システムコース,室蘭工業大学,40","1,プロジェクト管理,実装とテスト,モデル化技法,ソフトウェアの開発・運用・保守,https://u.muroran-it.ac.jp/kyomu/syllabustop2024/2603/J4175.html,保守運用,アジャイル開発とScrum,設計とレビュー,ウォーターフォールとアジャイル,要求分析とモデル化技法(UML)"
"東北大学,システムソフトウェア工学,3,関連なし,OS関連,41",https://qsl.cds.tohoku.ac.jp/qsl/syllabus/display/tb25131-2024
"東北大学,42,重複,システムソフトウェア工学,3",https://qsl.cds.tohoku.ac.jp/qsl/syllabus/display/im20140700-2024
"東北大学,ソフトウエア基礎,3,43,分析対象外",https://qsl.cds.tohoku.ac.jp/qsl/syllabus/display/tm20007000-2024
"44,東北大学,ソフトウェア基礎科学,3,ソフトウエア基礎と一緒,分析対象外",https://qsl.cds.tohoku.ac.jp/qsl/syllabus/display/im20111100-2024
"東北大学,3,45,情報不足,AIEソフトウェア開発入門",https://qsl.cds.tohoku.ac.jp/qsl/syllabus/display/tmai003000-2024
"46,東北大学,3,計算機ソフトウェア工学","インタプリタ,関数呼び出し,ループ不変条件,https://qsl.cds.tohoku.ac.jp/qsl/syllabus/display/tb25081-2024,ホーア論理,操作的意味論,コンパイラ,ループ変動式,プログラムの構文,高階関数とλ計算,プログラムの正当性,再帰,プログラムの仕様・表明,スタックマシン"
"工学部 創造工学教育課程,工学部 情報工学科,名古屋工業大学,47,ソフトウェア工学セミナーⅠ,58","仕様変更管理,スケジュール,テスト管理,対象範囲と作業工数,https://syllabus.ict.nitech.ac.jp/view.php?id=78686,システムの品質,ITプロジェクトのプロセスと技法,計画書,進捗,プロジェクトマネジメント"
"48,工学部 創造工学教育課程,ソフトウェア工学,工学部 情報工学科,名古屋工業大学,58","ビルド,https://syllabus.ict.nitech.ac.jp/view.php?id=78706,テスト,フォーマット,リポジトリ,ドキュメンテーション,デプロイ,ライフサイクル,モデリング,バージョン管理,仮想化,ソフトウェア開発プロセス,デバッグ"
"工学部 創造工学教育課程,ソフトウェア工学,49,重複,重複（時限別）,工学部 情報工学科,名古屋工業大学,58",https://syllabus.ict.nitech.ac.jp/view.php?id=81697
"工学部 情報・知能工学課程,ソフトウェア設計論,工学部,59,豊橋技術科学大学,50","要求分析とフィーチャー,ソフトウェア分析,クラウドベースソフトウェア,マイクロサービスアーキテクチャ,システム構築,ソフトウェア製品と開発プロセス,ソフトウェア設計,イントロダクション,システム検証,アジャイルソフトウェア開発,ソフトウェアの進化と保守,ソフトウェアアーキテクチャ,https://kyomu.office.tut.ac.jp/Portal/Public/Syllabus/SyllabusSearchStart.aspx?lct_year=2024&lct_cd=B13630210&je_cd=1,スクラム,ソフトウェアのテスト"
"工学部 情報・知能工学課程,ソフトウェア演習1A,51,59,豊橋技術科学大学","オブジェクト指向プログラミング,https://kyomu.office.tut.ac.jp/Portal/Public/Syllabus/DetailMain.aspx?lct_year=2024&lct_cd=B13630510&je_cd=1"
"工学部 情報・知能工学課程,52,59,豊橋技術科学大学,ソフトウェア演習1B","オブジェクト指向言語,https://kyomu.office.tut.ac.jp/Portal/Public/Syllabus/DetailMain.aspx?lct_year=2024&lct_cd=B13630520&je_cd=1"
"工学部 情報・知能工学課程,ソフトウェア演習2A,59,53,豊橋技術科学大学","デザインパターン,https://kyomu.office.tut.ac.jp/Portal/Public/Syllabus/DetailMain.aspx?lct_year=2024&lct_cd=B13630530&je_cd=1"
"工学部 情報・知能工学課程,ソフトウェア演習2B,59,豊橋技術科学大学,54","https://kyomu.office.tut.ac.jp/Portal/Public/Syllabus/DetailMain.aspx?lct_year=2024&lct_cd=B13630540&je_cd=1,-"
"4,秋田大学,ソフトウェア工学Ⅰ,完了,55,人間情報工学コース ","オブジェクト指向分析・設計技法,ソフトウェア開発モデル,ソフトウェア開発プロセス,コンポーネント開発技法,ソフトウェア設計・プログラミング,ソフトウェアテスト・検査,https://anet.akita-u.ac.jp/campusweb/slbssbdr.do?value%28risyunen%29=2024&value%28semekikn%29=1&value%28kougicd%29=32713067&value%28crclumcd%29=,オブジェクト指向プログラミング,要求分析,モデリング,オブジェクト指向モデリング"
"56,4,ソフトウェア工学Ⅱ ,秋田大学,完了,人間情報工学コース ",",設計／実装工程,オブジェクト指向モデリング,コーディング標準,Webアプリケーション開発,テスト工程,https://anet.akita-u.ac.jp/campusweb/slbssbdr.do?value%28risyunen%29=2024&value%28semekikn%29=1&value%28kougicd%29=32713068&value%28crclumcd%29=,ドメインオブジェクト,ソフトウェア開発のプロセス,オブジェクト指向開発環境"
"近藤：アーンドバリュー分析がマネジメントにありそうでしたがありませんでした．->やっぱり9章に書かれていないので無視,共生システム理工学類,福島大学,ソフトウェア設計開発論,完了,57,5","アーンドバリュー分析,https://www.dropbox.com/scl/fi/rq467nzd34t1r49gc1d8o/.pdf?rlkey=anlu7xvi71vfeylalsneqty7i&dl=0,ソフトウェアの品質,UML,クラス図,シーケンス図,プロジェクト管理,コラボレーション図,オブジェクト指向,オブジェクト指向設計開発,構造化分析,アクティビティ図,構造化設計,要求獲得,テスト,ガントチャート,要求分析,オブジェクト図,ソフトウェアの開発工程"
"6,工学部,完了,ソフトウェア基礎【情報】,茨城大学,58",",統合環境,デバッガ,https://syllabus.ibaraki.ac.jp/syllabus/2024/04/04_T5008_ja_JP.html,コンパイラ,ソフトウェアの設計・規約・作法,開発工程"
"6,重複,工学部,59,ソフトウェア基礎【情報】,茨城大学",https://syllabus.ibaraki.ac.jp/syllabus/2024/04/04_T5008-e_ja_JP.html
"6,60,ソフトウェア開発演習,工学部,完了,茨城大学","設計,業務打合せ,プロジェクト実行管理技法,RFP,アジャイル開発,分析,UML,       ,SCRUM開発法,開発システム機能設計,開発システムアーキテクチャ設計,変更管理,ソフトウェア開発工程,ソフトウェアテスト,品質検査,文書化技法,デザインレビュ,PMBOK,工程管理,https://syllabus.ibaraki.ac.jp/syllabus/2024/04/04_T5021_ja_JP.html,コスト管理,オープンソースソフトウェア,プロジェクト計画概要設計 ,品質管理,プロジェクトマネジメント"
"6,61,ソフトウェア開発演習,重複,工学部,茨城大学",https://syllabus.ibaraki.ac.jp/syllabus/2024/04/04_T7539_ja_JP.html
"6,工学部,ソフトウェア工学Ⅰ,完了,茨城大学,62","設計,要求仕様,実装,オブジェクト指向設計,https://syllabus.ibaraki.ac.jp/syllabus/2024/04/04_T7538_ja_JP.html,構造化技法,ソフトウェアモデリング,要求定義,要求分析,構造化設計,オブジェクト指向技法,要求獲得,ソフトウェアアーキテクチャ,情報システム,UMLモデリング"
"6,63,工学部,完了,茨城大学,ソフトウェア工学Ⅱ","モデル駆動,テスト技術,ソフトウェア危機,ソフトウェアモデル,リエンジニアリング,UML,静的解析技術,開発プロセス ,プロジェクト管理,ソフトウェアライフサイクル,MOF,ソフトウェア再利用 ,プロダクトライン開発（保守・進化と再利用）,組織力,形式仕様,モデル駆動開発,レビュー技術,メトリクス,ソフトウェアの保守・進化・再利用,ソフトウェア保守・進化,モデル検査,ITエンジニアスキル,テスト運用,https://syllabus.ibaraki.ac.jp/syllabus/2024/04/04_T7549_ja_JP.html,ソフトウェア開発法,形式手法,コスト管理,形式仕様検証,品質管理,検証と妥当性確認"
"ソフトウェア実現,6,工学部,完了,茨城大学,64","開発環境整備,ドキュメント作成,ソフトウェアライフサイクル,API,ソフトウェア開発手法,https://syllabus.ibaraki.ac.jp/syllabus/2024/04/04_T7590_ja_JP.html,イベント駆動プログラミング, スケルトンプログラム,GUIシステム,機能構造・データ構造"
"65,8,重複,工学部,ｿﾌﾄｳｪｱ工学,宇都宮大学","ファンクションポイント法,データフローダイヤグラム,データフローダイアグラム,モデリング,ミニスペック,オブジェクト指向技法,レビュー,テスト技法,UML,CoCoMo,シーケンス図,クラス図,ブラックボックステスト,コンテキストダイアグラム,コストモデル,構造化技法,構造化プログラミング,ホワイトボックステスト,構造化分析,TR技法,データディクショナリ,テストケース設計手法,STS技法,オブジェクト指向プログラミング,http://gakumu.km.utsunomiya-u.ac.jp/syllabusHtml/utsunomiya_syllabus/2024/1D/data/2024_T740029.html,プロセスモデル,ユースケース図,ソフトウェア品質,ソフトウェア開発技法,品質管理"
"情報学部,関連なし,群馬大学,66,9,ソフトウェア演習１	","https://www.kyomu-sys.gunma-u.ac.jp/Portal/Public/Syllabus/DetailMain.aspx?lct_year=2024&lct_cd=JB5005&je_cd=1,Ｃ言語,オートマトン,文字列探索,正規表現,分割コンパイル"
"重複,英語版？,67,情報学部,Exercises in Software 1,群馬大学,9",https://www.kyomu-sys.gunma-u.ac.jp/Portal/Public/Syllabus/DetailMain.aspx?lct_year=2024&lct_cd=JB5005&je_cd=2
"情報学部,関連なし,群馬大学,ソフトウェア演習２	,9,68","情報検索,https://www.kyomu-sys.gunma-u.ac.jp/Portal/Public/Syllabus/DetailMain.aspx?lct_year=2024&lct_cd=JB5006&je_cd=1,TFIDF,ベクトル空間モデル,アクティブラーニング,転置索引"
"重複,英語版？,Exercises in Software 2	,情報学部,69,群馬大学,9",https://www.kyomu-sys.gunma-u.ac.jp/Portal/Public/Syllabus/DetailMain.aspx?lct_year=2024&lct_cd=JB5006&je_cd=2
"70,情報学部,ソフトウェア演習３	,完了,群馬大学,9","共通接頭辞検索,データベース,https://www.kyomu-sys.gunma-u.ac.jp/Portal/Public/Syllabus/DetailMain.aspx?lct_year=2024&lct_cd=JB5018&je_cd=1,オブジェクト指向プログラミング,自然言語処理,動的計画法"
"Exercises in Software 3,71,重複,英語版？,情報学部,群馬大学,9",https://www.kyomu-sys.gunma-u.ac.jp/Portal/Public/Syllabus/DetailMain.aspx?lct_year=2024&lct_cd=JB5018&je_cd=2
"ソフトウェア工学	,72,情報学部,完了,群馬大学,9","プログラミング言語の構文,構文論,https://www.kyomu-sys.gunma-u.ac.jp/Portal/Public/Syllabus/DetailMain.aspx?lct_year=2024&lct_cd=JB5019&je_cd=1,構文木,ホーア論理,引数の受け渡し,ソフトウェアライフサイクル,プログラムの停止性,意味論,プログラミング言語,再帰呼び出し,開発工程,プログラムの正当性と検証法,プログラミングパラダイム,BNF記法,関数型プログラミング言語,手続き型プログラミング言語,コンパイラ,サブルーチン"
"73,Software Engineering,重複,英語版？,情報学部,群馬大学,9",https://www.kyomu-sys.gunma-u.ac.jp/Portal/Public/Syllabus/DetailMain.aspx?lct_year=2024&lct_cd=JB5019&je_cd=2
"ソフトウェア演習Ⅰ,千葉大学,10,関連なし,74,理学部",https://cu-syllabus-management.an.r.appspot.com/2024/101106101034000/S011314201/ja_JP
"ソフトウェア工学,東京大学,完了,理学部,75,11",",テスティング,保守,形式手法,https://catalog.he.u-tokyo.ac.jp/detail?code=0510097&year=2024,要求工学,設計・再利用,アジャイルソフトウェア開発,プロジェクトマネジメント,デバッグ"
"ソフトウェアI,東京大学,工学部,76,関連なし,11","入出力．制御構文（比較,コンパイルの仕方,繰り返しなど）,条件分岐,変数と文字列,ポインタ,https://catalog.he.u-tokyo.ac.jp/detail?code=FEN-EE2d01L1&year=2024"
"ソフトウェアII,77,東京大学,工学部,分析対象外,11","https://catalog.he.u-tokyo.ac.jp/detail?code=FEN-EE2d02L1&year=2024,情報なし"
"東京大学,工学部,完了,78,機械ソフトウェア演習,11","オブジェクト指向,https://catalog.he.u-tokyo.ac.jp/detail?code=FEN-MX2904S1&year=2024,構造体・オブジェクト指向,アルゴリズム"
"79,ソフトウェア第一,東京大学,工学部,完了,11","https://catalog.he.u-tokyo.ac.jp/detail?code=FEN-MX2d01L1&year=2024,構造体・オブジェクト指向,アルゴリズム,オブジェクト指向"
"東京大学,工学部,80,ソフトウェア第二,完了,11","https://catalog.he.u-tokyo.ac.jp/detail?code=FEN-MI3d09L1&year=2024,ソフトウェアの計算モデル,オブジェクト指向,分散プログラミング,アルゴリズムとデータ構造,抽象化,プログラミング環境,デバッグ技法"
"知能ソフトウェア演習,東京大学,工学部,分析対象外,81,11","情報なし,https://catalog.he.u-tokyo.ac.jp/detail?code=FEN-MI3903S1&year=2024"
"82,ソフトウェア設計と品質,12,完了,情報工学系,東京工業大学","構成管理,機能独立性,ソフトウェア設計,モデリング,リファクタリング,品質向上技術,UML,品質,オブジェクト指向設計,モジュール化・機能独立,https://www.ocw.titech.ac.jp/index.php?module=General&action=T0300&GakubuCD=4&GakkaCD=342300&KeiCD=23&KougiCD=202402441&Nendo=2024&vid=03, Java,ソフトウェアテスト,メトリクス,オブジェクト指向設計原則,パターン,ソフトウェア進化序論,オブジェクト指向設計法,モジュール化,テスト,ソフトウェア開発プロセス概論・ソフトウェア設計序論,ソフトウェア構成管理,ソフトウェア品質"
"12,83,分析対象外,情報工学系,東京工業大学,システムソフトウェア"," 同期,https://www.ocw.titech.ac.jp/index.php?module=General&action=T0300&GakubuCD=4&GakkaCD=342300&KeiCD=23&KougiCD=202402445&Nendo=2024&vid=03, スケジューリング, システムコール, 相互排除アルゴリズム,OSカーネル, メモリ管理, 仮想記憶, プロセス, セキュリティ機構, 検証, 保護機構, ファイルシステム, モデル検査"
"84,ソフトウェア検証論,12,完了,東京工業大学,数理・計算科学コース","ホーア論理, 時相論理       ,操作的意味論,無限語上のオートマトン,https://www.ocw.titech.ac.jp/index.php?module=General&action=T0300&GakubuCD=4&GakkaCD=342222&KeiCD=22&course=22&KougiCD=202404062&Nendo=2024&vid=03,モデル検査"
"85,ソフトウェア開発演習,12,完了,情報工学コース,東京工業大学","ソフトウェアテスト,ソフトウェア開発,ソフトウェアテキスト解析,https://www.ocw.titech.ac.jp/index.php?module=General&action=T0300&GakubuCD=4&GakkaCD=342323&KeiCD=23&course=23&KougiCD=202404852&Nendo=2024&vid=03,ソフトウェア開発環境, 構成管理, テスト,ソフトウェア構成管理,ソフトウェア品質改善,ソフトウェア開発支援ツール, デバッグ, ユーザインタフェース, ソフトウェア分析, アプリケーション, デプロイメント"
"ソフトウェア設計論 ,12,完了,86,情報工学コース,東京工業大学","ゴール指向分析,Defect Detection and Prevention Approach,シナリオ分析,ソフトウェアメトリックス, プロダクトライン開発,ユースケースモデリング,ゴール指向要求分析法,ミスユースケース,要求や設計のレビュー,プロブレムフレーム,構造化手法,構造化分析法,UML,シナリオ分析法,見積もり,設計技術, COCOMO,ゴール指向分析法,eXtreme Programming, ファンクションポイント法,McCall's Quality Factor,状態遷移モデル,ウォーターフォールモデル,IEEE830 に基づく要求文書化,スパイラルモデル, McCabe's Cyclomatic Number,品質技術,Win-win Approach,オブジェクト指向法, Halstead's Complexity Metrics, CK Metrics,ソフトウェアプロセス,状態遷移,要求工学プロセス,オブジェクト指向設計法,データフローモデル,実体関連モデル,構造化設計法,Unified Process, AHP による要求の順位付け手法,要求文書化と品質,オブジェクト指向分析法 ,要求分析,シナリオ分析法などの要求獲得法,https://www.ocw.titech.ac.jp/index.php?module=General&action=T0300&GakubuCD=4&GakkaCD=342323&KeiCD=23&course=23&KougiCD=202404854&Nendo=2024&vid=03"
"12,先端ソフトウェア工学,分析対象外,情報工学コース,東京工業大学,87","ソフトウェアテスト,プロジェクト管理,ソフトウェア開発環境,パーソナルソフトウェアプロセス(PSP),コーディング技術,デスマーチ,テスト駆動開発,ソフトウェアレビュー,https://www.ocw.titech.ac.jp/index.php?module=General&action=T0300&GakubuCD=4&GakkaCD=342323&KeiCD=23&course=23&KougiCD=202404866&Nendo=2024&vid=03, CASE,ペアプログラミング ,データ・制御フロー,ソフトウェア開発環境(IDE),リファクタリング,リスク管理,コードの不吉な匂い,プロジェクト生産性"
"ソフトウェアプロジェクトマネージメントと品質管理 ,88,12,分析対象外,情報工学コース,東京工業大学","情報なし,https://www.ocw.titech.ac.jp/index.php?module=General&action=T0300&GakubuCD=4&GakkaCD=342323&KeiCD=23&course=23&KougiCD=202431039&Nendo=2024&vid=03"
"ソフトウェア工学,89,東京農工大学,工学部,13,完了","ユーザインタフェース設計,プロジェクト管理,ソフトウエアの保守と再利用,ソフトウェアのテスト,https://syllabus.sirius.tuat.ac.jp/syllabus/2024/02/02_02a3675_ja_JP.html,アーキテクチャ設計,要求分析,構造化プログラミング,モジュール設計,ソフトウェアの開発工程"
"14,情報理工学域,ソフトウェア工学,完了,90,電気通信大学","保守性,表明と契約,テスト,ホーア論理,モジュール性,ホワイトボックスファジング,抽象性,Flash Fill,記号実行,テストケース,テスト自動化,可読性,モデル検査,https://kyoumu.office.uec.ac.jp/syllabus/2024/31/31_21124211.html,安全性と活性,ソフトウェアモデル検査,GitとGitHub"
"14,情報理工学域,ソフトウェア工学,完了,91,電気通信大学","ソフトウェア開発,https://kyoumu.office.uec.ac.jp/syllabus/2024/31/31_21124210.html,アスペクト指向,オブジェクト指向,オブジェクト指向プログラミング,デザインパターン,ＵＭＬ,構造モデル"
"14,情報理工学域,ソフトウェアセキュリティ,分析対象外,92,電気通信大学","https://kyoumu.office.uec.ac.jp/syllabus/2024/31/31_21224226.html,攻撃,ソフトウェアセキュリティ,ソフトウェア,防御,セキュリティ"
"ソフトウェア工学,93,完了,東京都市大学,2023年度 情報科学科（一般コース） ,19",",開発環境・プロジェクト管理---プログラミング環境,構成管理,保守と進化のプロセス,構造化分析の基礎,ウォータフォールモデル,システムテスト,リエンジニアリング,ソフトウェアの概念,リファクタリング,分析・設計ツール,データ構造,アジャイル開発,プロセスの評価と改善,開発プロセス,UML,レガシーシステム,妥当性確認,プロジェクト計画,プロトタイピング,統合テスト,アーキテクチャパターン,モジュール,ブラックボックステスト,部品化・再利⽤,オブジェクト指向テスト,ソフトウェアライフサイクル,
スパイラルモデル,機能要求と⾮機能要求,オブジェクト指向設計,プロジェクト管理,チーム管理,API,テスト計画,ソフトウェアの再利⽤,構造,ホワイトボックステスト,インスペクション,テスト設計,コーディング規約,アルゴリズム,プロジェクト管理など,ツール統合機構,ソフトウェアメトリクス,オブジェクト指向分析,テストツール,ソフトウェアプロセス,プロジェクト管理ツール,技術レビュー,構成管理ツール,ソフトウェア⼯学の基礎的事項,保守と進化・ソフトウェア品質---保守の特性,組込みシステム,要求獲得,プロセスモデル,回帰テスト,検証,コンポーネントレベル設計,品質特性,開発技法,https://www.dropbox.com/scl/fi/acq4psqi1y8y14hra5ovz/.pdf?rlkey=r0djmifuj0get94ahybi0uh1n&st=9pny8x7u&dl=0,テスト,単体テスト,デザインパターン化設計,品質管理,要求分析,リバー
スエンジニアリング,リスク管理,ソフトウェアアーキテクチャ"
"94,ソフトウエア開発技法 ,完了,東京都市大学,19,2024年度情報システム学科入学生 ","プロジェクト管理,開発計画,開発⼯程,構造化⼿法,ファンクションポイント法,ユースケース図,開発規模の⾒積もり,品質管理,開発⼿法,データフローダイアグラム,ＥＲ図,システムの要求条件,テスト⼯程,開発モデル,オブジェクト開発⼿法,クラス図,https://www.dropbox.com/scl/fi/dt4758pdt8xqjkotk59z3/.pdf?rlkey=8qhr8tjxvv1pogcixqja6v6vz&st=xauyfaxf&dl=0,シーケンス図"
"20,環境情報学府,関連なし,95,科学技術ソフトウエア工学,横浜国立大学",https://www.dropbox.com/scl/fi/r2tiqw2or7qjb1wxn8c73/ED24122.pdf?rlkey=4k9nzr6yqt3d7l9ebi9j3oqf0&st=lxfjh678&dl=0
"環境情報学府,20,関連なし,横浜国立大学,96,科学技術ソフトウエア工学演習",https://www.dropbox.com/scl/fi/qxsfpjgnvxjwgmqdr9tds/ED24231.pdf?rlkey=j4hfuqov991vzgmef7gfsbbm2&st=wbivca9o&dl=0
"20,97,環境情報学府,重複,横浜国立大学,科学技術ソフトウエア工学演習",https://www.dropbox.com/scl/fi/kqqp1dstldheiy1cay5ma/ED24235.pdf?rlkey=hetjz6l9utnhe02f65jp3ymgw&st=lhwc9s4o&dl=0
"ソフトウェア工学,工学部工学科,71,完了,98,琉球大学","集合,Haskell,シーケンス図,設計クラス図,協調図,概念モデル,デザイン・パターン,カーリーハワード対応,デバッグ・テスト・検証,型とその整合性,論理,状態モデル,証明支援システム,オブジェクト指向プログラミング,圏とMonad,モデル検査,関数型言語, UML,オブジェクトの関係,ユースケース,関数,https://tiglon.jim.u-ryukyu.ac.jp/portal/Public/Syllabus/SyllabusSearchStart.aspx?lct_year=2024&lct_cd=617022001&je_cd=1"
"工学部工学科,71,ソフトウエア開発演習I  	,99,完了,琉球大学",",https://tiglon.jim.u-ryukyu.ac.jp/portal/Public/Syllabus/DetailMain.aspx?lct_year=2024&lct_cd=617014002&je_cd=1,バックログリファインメント, 開発, レトロスペクティブ"
"ソフトウエア開発演習II,工学部工学科,71,完了,100,琉球大学","Webフロント技術,ユーザーセンタードデザイン,情報アーキテクチャの設計,ローコード課題解決,https://tiglon.jim.u-ryukyu.ac.jp/portal/Public/Syllabus/DetailMain.aspx?lct_year=2024&lct_cd=617037001&je_cd=1,ソルトウェアテスト技術"
"工学部工学科,71,101,完了,ソフトウエア開発演習III,琉球大学","アジャイル開発論,https://tiglon.jim.u-ryukyu.ac.jp/portal/Public/Syllabus/DetailMain.aspx?lct_year=2024&lct_cd=617038002&je_cd=1"
"102,生産ソフトウェア工学,工学部,九州工業大学,関連なし,69",https://www.dropbox.com/scl/fi/v4vanuy4t24oep1q340ah/.pdf?rlkey=4rmtqjuusclf3fstwnmxy294j&st=g7dz9tyu&dl=0
"103,ソフトウェア工学,九州工業大学,完了,69,情報工学部","テストと検証,プログラミング,システム・エンジニアリング,開発プロセス,モジュール設計,PSP,ソフトウェア開発工程,構造化分析,https://www.dropbox.com/scl/fi/apm9zls1yickey8zkqhrk/.pdf?rlkey=gkpb5ojj5qxm05azzycxiay4x&st=9qmomfzt&dl=0,TSP,ソフトウェアメトリクス,オブジェクト指向分析,業務分析・モデリング,CMMI,アーキテクチャ設計,要求分析,技術者教育,プロジェクトマネジメント,保守と再利用"
"九州工業大学,104,ソフトウェア設計演習,完了,69,情報工学部","静的モデリング,分析モデル,ユースケース図,アクティビティ図,ユースケース記述,デザインレビュー,ソフトウェア設計,モデル間の整合性,モデリング,UML,ステートマシン図,デザインパターン,コミュニケーション図,システムモデリング,https://www.dropbox.com/scl/fi/6reuaddopwhq0dkjz6nc5/.pdf?rlkey=yhosy11icxv7fmwzi3n67qyjq&st=dexzy2fe&dl=0,オブジェクト図,クラス図,シーケンス図"
"105,ソフトウェア工学,理工学部,高知大学,完了,68","UMLによるモデリング,プロジェクト管理,ソフトウェアのテスト・検証手法,形式手法,ソフトウェアの設計・実装手法,ソフトウェア開発プロセス
,ソフトウェアモデリング,https://kulas.kochi-u.ac.jp/cpsmart/public/dashboard/main/ja/simple/1900/3000280/wsl/SyllabusSansho?kogiCd=72126&kaikoNendo=2024&syllabusKomokuPatternId=4,要求定義,ソフトウェアの開発方法,形式仕様"
"学部不明,香川大学,67,ソフトウェアモデリング,完了,106","プロトタイピング,データドリブンデザイン,ユースケース図,UXリサーチ,状態図,アクティビティ図,オブジェクト指向技術,ビジネスモデリング,ダーティプロトタイプ,データインフォームドデザイン,ソフトウェアモデリング,https://kyoumusyst.kagawa-u.ac.jp/campusweb/slbssbdr.do?value(risyunen)=2024&value(semekikn)=1&value(kougicd)=E5005250-1&value(crclumcd)=9999,オブジェクト指向設計法,ローコード・ノーコード開発,クラス図,シーケンス図"
"学部不明,重複,香川大学,67,107,ソフトウェアモデリング演習",https://kyoumusyst.kagawa-u.ac.jp/campusweb/slbssbdr.do?value(risyunen)=2024&value(semekikn)=1&value(kougicd)=E5005260-1&value(crclumcd)=9999
"108,香川大学,67,完了,ソフトウェア工学I【電子・情報】 ,学部不明(電子情報？","設計,実装,ツール,構造化分析技法,技法,https://kyoumusyst.kagawa-u.ac.jp/campusweb/slbssbdr.do?value(risyunen)=2024&value(semekikn)=1&value(kougicd)=A571400-1&value(crclumcd)=S174012,ユーザインタフェース設計,作業手順,プロジェクト管理,不良分析,ソフトウェアライフサイクル,構造テスト,ドメインモデル,ライフサイクルモデル,段階的詳細化技法,機能テスト,品質評価技法,構造化設計法,品質特性,工数見積もり,テスト,保守,品質管理,アーキテクチャ設計,要求分析,モジュール設計"
"重複,香川大学,ソフトウェア工学II【電子・情報】,67,109,学部不明(電子情報？",https://kyoumusyst.kagawa-u.ac.jp/campusweb/slbssbdr.do?value(risyunen)=2024&value(semekikn)=1&value(kougicd)=A572800-1&value(crclumcd)=S174012
"学部不明,香川大学,110,67,完了,ソフトウェア工学Ⅲ ",",設計,ヒューマンエラー,欠陥,要求分析,ソフトウェア事故,開発環境,基本機能の実装,https://kyoumusyst.kagawa-u.ac.jp/campusweb/slbssbdr.do?value(risyunen)=2024&value(semekikn)=1&value(kougicd)=A577200-1&value(crclumcd)=S154014"
"111,ソフトウェア工学,学部不明,重複,香川大学,67",https://kyoumusyst.kagawa-u.ac.jp/campusweb/slbssbdr.do?value(risyunen)=2024&value(semekikn)=1&value(kougicd)=E5005230-1&value(crclumcd)=S184410
"ソフトウェア工学演習,学部不明,香川大学,67,完了,112","デバック,テスト,実装,制御フロー,詳細設計,インターフェース,基本設計,トップダウン・ボトムアップ手法,モジュール強度,https://kyoumusyst.kagawa-u.ac.jp/campusweb/slbssbdr.do?value(risyunen)=2024&value(semekikn)=1&value(kougicd)=E5005240-1&value(crclumcd)=S184413,モジュール結合度,レビュー,モジュール設計"
"学部不明,香川大学,67,113,完了,ソフトウェアリスク管理","テストの実施,テストケースの設計,リスク分析,https://kyoumusyst.kagawa-u.ac.jp/campusweb/slbssbdr.do?value(risyunen)=2024&value(semekikn)=1&value(kougicd)=E5005270-1&value(crclumcd)=S184413,ヒューマンエラー,バグ,ソフトウェアテスト技法,リスク分析モデル・技法"
"学部不明,ソフトウェア開発実践論【u-19】,香川大学,114,67,完了,分析対象外","テスト,仕様書の作成,形式的な振る舞いモデル,開発環境の導入,https://kyoumusyst.kagawa-u.ac.jp/campusweb/slbssbdr.do?value(risyunen)=2024&value(semekikn)=1&value(kougicd)=H6105033-1&value(crclumcd)=S226110,要求分析,デバック,ハードウェアの組み立て"
"学部不明,香川大学,67,ソフトウェアデザイン論【u-19,完了,22】,分析対象外,115","静的モデル,ソフトウェアの品質,アジャイル開発,EUC,ソフトウェアアーキテクチャ,利用時品質,PMF, CI,ウォーターフォールモデル,PSF,スパイラルモデル,DevOps,ペルソナ法, CD,CPF,ユーザ体験に基づく開発,BPMN,製品品質,BMI,ユーザ主導開発,動的モデル,ソフトウェアモデリング,ノーコード／ローコードプラットフォーム,https://kyoumusyst.kagawa-u.ac.jp/campusweb/slbssbdr.do?value(risyunen)=2024&value(semekikn)=1&value(kougicd)=H6105034-1&value(crclumcd)=S226110,スクラム,ジャーニーマップ"
"学部不明,香川大学,作業中,67,ソフトウェアプロジェクトマネジメント論【u-19】,分析対象外,116",",プロジェクトの終結,マネジメント理論,スケジュール作成,価値／価値提供に基づくマネジメント,https://kyoumusyst.kagawa-u.ac.jp/campusweb/slbssbdr.do?value(risyunen)=2024&value(semekikn)=1&value(kougicd)=H6105035-1&value(crclumcd)=S226110,コスト見積り,原理・原則に基づくマネジメント,チーム／実績管理とコントロール,コミュニケーション管理,立上げとスコープ定義,成果の品質管理,リスク管理,ライフサイクルと組織,アジャイル開発,調達"
"117,徳島大学,ソフトウェア工学,理工学部理工学科,完了,66,３年
","ユーザインタフェース設計,プロジェクト管理,テスト,保守,再利用,オブジェクト指向分析,アーキテクチャ設計,要求分析,プログラミング,検証,構造化分析,モジュール設計,https://eweb.stud.tokushima-u.ac.jp/Portal/Public/Syllabus/DetailMain.aspx?lct_year=2024&lct_cd=615007D&je_cd=1"
"徳島大学,ソフトウェア工学,重複,理工学部理工学科,118,時限が異なる,66",https://eweb.stud.tokushima-u.ac.jp/Portal/Public/Syllabus/DetailMain.aspx?lct_year=2024&lct_cd=625007F&je_cd=1
"徳島大学,コースが異なる,ソフトウェア工学,重複,119,理工学部理工学科,66",https://eweb.stud.tokushima-u.ac.jp/Portal/Public/Syllabus/DetailMain.aspx?lct_year=2024&lct_cd=625007N&je_cd=1
"徳島大学,120,理工学部理工学科,ソフトウェア設計及び実験,完了,66,昼間","ソフトウェアテスト,結合テスト,Makefileの作成法,詳細設計,https://eweb.stud.tokushima-u.ac.jp/Portal/Public/Syllabus/DetailMain.aspx?lct_year=2024&lct_cd=615109D&je_cd=1,プログラミング手法,プログラム設計,概要設計,システムテスト,ライブラリ化,運用テスト,ネットワークプログラム, モジュール化,マルチスレッドプログラミング,ユーザインターフェイス,デバッグツールの使用法等"
"徳島大学,重複,理工学部理工学科,121,ソフトウェア設計及び実験,66,夜間",https://eweb.stud.tokushima-u.ac.jp/Portal/Public/Syllabus/DetailMain.aspx?lct_year=2024&lct_cd=625109F&je_cd=1
"計算機ソフトウェア及び演習,65,理工学部,122,関連なし,山口大学",https://www.kyoumu.jimu.yamaguchi-u.ac.jp/portal/Public/SyllabusV2/DetailMain.aspx?lct_year=2024&lct_cd=1041600019&je_cd=1
"総合理工学部,ソフトウェア工学,123,島根大学,完了,64","バグ管理,実装,開発プロセス,アローダイアグラム,見積もり,オブジェクト指向,フローチャート,関数型,プログラミングパラダイム,ソフトウェア開発の設計,構造化,https://gkm2019-sy.shimane-u.ac.jp/syllabusHtml/2024/04/04_T340811_ja_JP.html,WBS,品質特性,擬似言語(DNCL,テスト, IPA),ガントチャート,ユースケース,プロセス管理,ソフトウェア再利用"
"総合理工学部,ソフトウェア工学,島根大学,重複,重複？,124,64",https://gkm2019-sy.shimane-u.ac.jp/syllabusHtml/2024/04/04_T950031_ja_JP.html
"125,ソフトウェア工学,総合理工学部,島根大学,重複,重複？,64",https://gkm2019-sy.shimane-u.ac.jp/syllabusHtml/2024/04/04_TB50031_ja_JP.html
"情報理工学部,126,完了,ソフトウェア工学Ⅰ	,62,京都産業大学","構成管理,プロセス品質,ソフトウェア設計,レビュー,UML,コーディング,ソフトウェア分析,構造化開発手法,オブジェクト指向,開発環境,ソフトウェアテスト,https://syllabus.kyoto-su.ac.jp/syllabus/html/2024/4114.html,型式手法,ソフトウェアライセンス,ソフトウェア保守,プロダクト品質,要求獲得,オープンソースソフトウェア,ソフトウェア品質,オブジェクト指向開発手法,ソフトウェアモデリング,開発管理,ソフトウェア開発プロセス"
"重複,重複？,127,ソフトウェア工学Ⅰ	,62,コンピュータ理工学部,京都産業大学",https://syllabus.kyoto-su.ac.jp/syllabus/html/2024/3976.html
"ソフトウェア工学Ⅱ	,情報理工学部,完了,62,128,京都産業大学","テスティング,ビルドツール,プログラミング,分割コンパイル,ソフトウェアの品質,UML,クラス図,プロトタイピング,運用,基本設計,オブジェクト指向,状態遷移図,信頼度成長曲線,開発,要求仕様,構造化,プロファイル,メトリクス,構成管理ツール,デザインパターン,https://syllabus.kyoto-su.ac.jp/syllabus/html/2024/4115.html,詳細設計,テスト,保守,データフロー図,メモリ消費,バージョン管理,抽象化,プロジェクトマネジメント"
"ソフトウェア工学Ⅱ	,重複,重複？,62,コンピュータ理工学部,129,京都産業大学",https://syllabus.kyoto-su.ac.jp/syllabus/html/2024/3977.html
"130,60,名城大学,関連なし,組み込みソフトウェア,理工学部メカトロニクス工学科",https://gkmsyllabus.meijo-u.ac.jp/camweb/slbssbdr.do?value(risyunen)=2024&value(semekikn)=1&value(kougicd)=308307&value(crclumcd)=04147
"60,名城大学,131,重複,重複？,組み込みソフトウェア,理工学部メカトロニクス工学科",https://gkmsyllabus.meijo-u.ac.jp/camweb/slbssbdr.do?value(risyunen)=2024&value(semekikn)=1&value(kougicd)=308308&value(crclumcd)=04147
"ソフトウェア工学,名城大学,60,132,完了,理工学部メカトロニクス工学科","https://gkmsyllabus.meijo-u.ac.jp/camweb/slbssbdr.do?value(risyunen)=2024&value(semekikn)=1&value(kougicd)=308605&value(crclumcd)=04147,結合テスト,品質検査,品質,機能分割法,データフロー図,テストケースの設計,ライフサイクル,システムテスト,要求定義,構造化プログラミング,ソフトウェアの構造化分析,構造化チャート,データ構造とアルゴリズム,モジュールテスト,オブジェクト指向開発 ,ソフトウェアの生産性,ソフトウェア開発過程"
"ソフトウェア工学,60,名城大学,133,情報工学部情報工学科,完了","モデル駆動工学 ,プロジェクト管理, 形式手法,再利用,ソフトウェアの検証,ソフトウェアの保守,ソフトウェア進化,ソフトウェアモデリング,要求定義,要求分析,オブジェクト指向,https://gkmsyllabus.meijo-u.ac.jp/camweb/slbssbdr.do?value(risyunen)=2024&value(semekikn)=1&value(kougicd)=642808&value(crclumcd)=12205,UML,妥当性確認,モジュール化,開発プロセス"
"ソフトウェア工学,名城大学,60,重複,重複？,134,情報工学部情報工学科",https://gkmsyllabus.meijo-u.ac.jp/camweb/slbssbdr.do?value(risyunen)=2024&value(semekikn)=1&value(kougicd)=642807&value(crclumcd)=12205
"関連なし,53,コンピュータソフトウェア,135,情報工学部,富山県立大学",https://tpuwswebsv.pu-toyama.ac.jp/public/web/Syllabus/WebSyllabusSansho/UI/WSL_SyllabusSansho.aspx?P1=1022718&P2=2024&P3=20241001
"ソフトウェア工学,工学部,53,完了,富山県立大学,136","設計,プログラミング,分析,ユーザインタフェース設計,プロジェクト管理,ソフトウェアの分析,再利用,開発工程,構造化分析,オブジェクト指向分析,ソフトウェアプロセス,検証,保守,テスト,https://tpuwswebsv.pu-toyama.ac.jp/public/web/Syllabus/WebSyllabusSansho/UI/WSL_SyllabusSansho.aspx?P1=1013733&P2=2024&P3=20241001,アーキテクチャ設計,要求分析,モジュール設計,ソフトウェアの開発工程"
"ソフトウエア工学,137,工学部,関連なし,新潟大学,52",https://syllabus.niigata-u.ac.jp/syllabusHtml/2024/09/09_244T1046_ja_JP.html
"明治大学,科目コードは同様なのでここでは1つのみ,51,理工学部,関連なし,シラバスは時限が異なるもので3つあり,138,ソフトウェア実習",https://oh-o2.meiji.ac.jp/Syllabus/syllabusView?syllabusYear=2024&syllabusNo=15576102&kougicd=1557BS02&langCode=ja&syllabusType=0
"ソフトウェア工学演習,明治大学,51,理工学部,139,完了","設計,ソースコード管理,モジュール,テスト,実装,CI,ビルドツール,テストツール,要求定義,フォーマッタ,https://oh-o2.meiji.ac.jp/Syllabus/syllabusView?syllabusYear=2024&syllabusNo=15572800&kougicd=15572800&langCode=ja&syllabusType=0,静的コード解析器,アジャイル開発,バグ追跡システム"
"140,明治大学,51,理工学部,理工学部？科目コード振られていない。特論なので大学院かも,ソフトウェア科学特論,分析対象外",https://oh-o2.meiji.ac.jp/Syllabus/syllabusView?syllabusYear=2024&syllabusNo=45521401&kougicd=15970500&langCode=ja&syllabusType=0
"情報・エレクトロニクス学科,ソフトウェア工学,49,山形大学,完了,141","プロトタイプモデル,ソフトウェアの管理,開発コスト,UML,系列図,クラス図,要求モデル,協調図,状態遷移モデル,ウォーターフォールモデル,スパイラルモデル,ライフサイクルモデル,ソフトウェアテスト,https://www.yamagata-u.ac.jp/gakumu/syllabus/2024/html/05_52556.html,UML修法,開発工数計算手法,状態図,要求分析,オブジェクトの概念"
"48,情報システム工学科,シラバスシステムなし,142,公立千歳科学技術大学,分析対象外,ソフトウェアデザインプロジェクト",
"48,情報システム工学科,シラバスシステムなし,143,公立千歳科学技術大学,ソフトウェアデザイン,分析対象外",
"46,ソフトウェア工学	,工学部,144,完了,宮崎大学","構成管理,回帰テスト(リグレッションテスト),ソフトウェアのライフサイクル,ソフトウェアの品質,UML,テストの手順,形式的仕様記述言語,再利用,構造テスト,プログラミング言語,構造化プログラミング,テストケース,構造化分析,プログラミング書法,カバレッジ(網羅率),ソフトウェアの見積り,ソフトウェア開発プロセス,データ抽象化,ソフトウェア能力成熟度モデル(CMM),システム設計,オブジェクト指向言語,仕様策定,機能テスト,https://webclass.eden.miyazaki-u.ac.jp/webclass/ip_mods.php/addon/miyazaki-u/plugin/syllabus/search?acs_=3e192635,要求分析,アルゴリズムとデータ構造,バグ,テスト充分性評価,結合度と凝集度,構造化設計"
"145,ソフトウェア工学,完了,これはひどい．．．,22,富山大学,工学部工学科知能情報工学コース","https://www.new-syllabus.adm.u-toyama.ac.jp/syllabus/2024/7050/7050_175207.html,デバッグ,テスト,クラス"
"24,ソフトウェア工学,工学部 電気電子情報工学科,完了,146,福井大学"," UMLのクラス, モデル化技法,テストツール,ソフトウェアプロセス,構造化プログラミング, オブジェクト指向プログラミング,テスト技法,https://www.dropbox.com/scl/fi/6kb5zlbot1np7ye2nmc7m/SYLLABUS.pdf?rlkey=wr9fbn3ttcbt9znumg4c7ybhr&st=dgbozeil&dl=0,検証技法"
"ソフトウェア構成法演習,学部不明,山梨大学,完了,147,25","テストと修正,イベント駆動型プログラム,GUIプログラミング,開発スケジュール作成,要求の理解,make,ソフトウェアの評価,分割コンパイル,https://syllabus.yamanashi.ac.jp/2018/syllabus.php?jikanno=263311,ユーザーインターフェース,アプリケーションプログラミングインタフェース,仕様作成"
"修士,148,山梨大学,25,分析対象外,ソフトウェア開発工学特論",https://syllabus.yamanashi.ac.jp/2018/syllabus.php?jikanno=328455
"修士,149,山梨大学,25,分析対象外,ソフトウェア工学特論",https://syllabus.yamanashi.ac.jp/2018/syllabus.php?jikanno=GTK502
"学部不明,ソフトウェア工学及び演習I,山梨大学,完了,25,150","設計,https://syllabus.yamanashi.ac.jp/2018/syllabus.php?jikanno=TCS216,擬似コード,ユースケース図,オブジェクト指向分析,構造図,設計手法,シーケンス図,要求分析,構造化手法,データ・コンテキスト・ダイヤグラム,構造化分析,オブジェクト図,クラス図,データ・フロー・ダイヤグラム"
"151,3,山梨大学,完了,25,ソフトウェア工学及び演習II","テスト計画・設計,境界値テスト,All-Pairs法,カバレッジ,デシジョンテーブルテスト,直交表,組合せテスト,テスト完了基準,https://syllabus.yamanashi.ac.jp/2018/syllabus.php?jikanno=TCS302,テストケース設計,テスト工程,状態遷移図,ソフトウェアテスト体系,同値クラステスト,原因-結果グラフ,テスト条件の絞り込み,状態遷移テスト"
"ソフトウェアプロジェクト管理,3,山梨大学,152,完了,25","ソフトウェア品質管理・保証,プロジェクト管理,デザイン・レビュー,ソフトウェア品質,ソフトウェアプロジェクト管理,ソフトウェア・ライフサイクル,変更・構成・バージョン管理,PMBOK,リスク判定行列,WBS,PERT,リスク優先度,リスク管理,バージョン管理,ソフトウェア規模の見積もり方法,EVM,https://syllabus.yamanashi.ac.jp/2018/syllabus.php?jikanno=TCS303,ソフトウェア開発計画"
"3年,山梨大学,ソフトウェア設計開発演習I,完了,25,153","MVCアーキテクチャ,統合開発環境,クラス設計,テスト駆動開発,GUI プログラミング,デザインパターン,バージョン管理システム,デバッガツール,https://syllabus.yamanashi.ac.jp/2018/syllabus.php?jikanno=TCS310"
"3年,山梨大学,154,完了,25,ソフトウェア設計開発演習II","https://syllabus.yamanashi.ac.jp/2018/syllabus.php?jikanno=TCS311,単体テスト,要求仕様書,ソフトウェア企画,開発計画書,要求定義,要求分析,モデリング,総合テスト・受入テスト,内部設計・コーディング,システム提案,外部設計・レビュー,UML,プロジェクトマネジメント"
"学部不明,組込みソフトウェア構成法,山梨大学,完了,155,25","ソフトウェア進化,ソフトウェア設計,https://syllabus.yamanashi.ac.jp/2018/syllabus.php?jikanno=TJM216,ソフトウェア書法,クロス開発,ソフトウェアテスト,クラウドコンピューティング,ソフトウェア詳細設計,オブジェクト指向プログラミング,工程管理,開発プロセスと技法,レビュー技法,コーディング作法,ビッグデータ,チューニング,ソフトウェア品質,設計ツール,品質管理,ソフトウェアモデリング,アルゴリズムとデータ構造"
"ソフトウェア工学(16T以降),３年,信州大学,26,156,完了,電子情報システム工学科３年生","ユーザインターフェイス設計,テストと検証,保守,多相性,再利用,オブジェクト指向分析,オブジェクト指向,プログラミング,要求分析,https://campus-3.shinshu-u.ac.jp/syllabusj/Display?NENDO=2024&BUKYOKU=T&CODE=T2058300,継承,アーキテクチュア設計,構造化分析,モジュール設計,ソフトウェアの開発工程,
プロダクト管理"
"三重大学,【遠隔】実践ソフトウェア開発演習,157,工学部情報工学科／総合工学科情報工学コース, 3年,完了,29","運用・総合評価,詳細設計,AI／機械学習による入出力,コミュニケーション能力,単体テスト,ソフトウェア開発技法,基本設計,問題発見能力,プログラム製造,論理的思考,システムテスト,https://syllabus.mie-u.ac.jp/?action=display&id=26688,実践的なソフトウェア開発,ドキュメント作成能力,問題解決能力,基本計画,コーディング"
"三重大学,ソフトウェア工学,工学部情報工学科／総合工学科情報工学コース ・専門教育,3年,完了,29,158","ソフトウェアのテスト技法,https://syllabus.mie-u.ac.jp/?action=display&id=27957,UML,抽象データタイプ,シーケンス図,ブラックボックステスト,アーキテクチャパターン,オブジェクト指向設計,オブジェクト指向技術,ホワイトボックステスト,アジャイル,プログラミング書法,XP,アクティビティ図,デザインパターン,GoF パターン,カプセル化,デバッグ方法,差分プログラミング,プロトタイピング手法, クラス図,コミュニケーション図,ウォータフォール型"
"三重大学,159,完了,2年次,ソフトウェア応用,教科及び教科の指導法に関する科目(A類)・情報,29","アクセス制限,例外処理,https://syllabus.mie-u.ac.jp/?action=display&id=19365,パッケージ,イベント処理,スレッド,継承,GUI,クラス,インスタンス"
"データサイエンス学部,滋賀大学,ソフトウェア設計,160,関連なし,30",https://success.shiga-u.ac.jp/Portal/Public/Syllabus/DetailMain.aspx?lct_year=2024&lct_cd=7022105001
"ソフトウェア開発1（-20）,工学部情報知能工学科,神戸大学,33,161,分析対象外",https://kym22-web.ofc.kobe-u.ac.jp/kobe_syllabus/2024/0926/data/2024_3N309.html
"神戸大学,3 ･ 4 年,33,完了,162,ソフトウェア開発（21-）,工学部情報知能工学科	","排他制御,関数クロージャ,スレッドプール,再利用可能なソフトウェアのデザイン, interface,イベント駆動プログラミング,GUIコンポーネント,クラス階層,GUI 開発環境,マルチスレッド,プログラミング環境,generic class,https://kym22-web.ofc.kobe-u.ac.jp/kobe_syllabus/2024/0926/data/2024_3T302.html,polymorphism"
"163,神戸大学,33,ソフトウェア開発2（-20）,分析対象外,工学部情報知能工学科	",https://kym22-web.ofc.kobe-u.ac.jp/kobe_syllabus/2024/0926/data/2024_4N309.html
"工学部情報知能工学科,ソフトウェア工学,2 ･ 3 ･ 4 年,神戸大学,164,33,完了","ソフトウェアテスト,ソフトウェア開発プロセス,ソフトウェア分析,ソフトウェア開発環境,ビルドツール,ソフトウェアの開発・運用・保守,https://kym22-web.ofc.kobe-u.ac.jp/kobe_syllabus/2024/0926/data/2024_3T310.html,ソフトウェアモデリング,ソフトウェア設計,オブジェクト指向プログラミング,要求獲得,UML,バージョンコントロール"
"奈良女子大学,ソフトウェア工学概論 ,生活環境学部　生活情報通信科学　専門（平成26年度以降）,34,165,完了,2回生以上 
","実装,ソフトウェア設計,開発環境・開発ツール,モデリング技法,UML,プロジェクト管理,ソフトウェア分析,https://camjweb.nara-wu.ac.jp/campusweb/slbssbdr.do?value(risyunen)=2024&value(semekikn)=1&value(kougicd)=5876000&value(crclumcd)=503520,オブジェクト指向設計,ソフトウェアの開発手法,開発環境,ソフトウェアテストの自動化,ソフトウェアテスト,オブジェクト指向分析,要求工学,ソフトウェア保守,要求獲得,フトウェア開発プロセス,設計技法,形式手法,ソフトウェア品質,モデル化技法,バージョン管理,開発管理"
"奈良女子大学,ソフトウェア工学概論 ,34,重複,生活環境学部　文化情報学科　生活情報通信科学　専門,166",https://camjweb.nara-wu.ac.jp/campusweb/slbssbdr.do?value(risyunen)=2024&value(semekikn)=1&value(kougicd)=5975000&value(crclumcd)=506300
"3,大阪大学,完了,31,167,4年,ソフトウェア構成論","プロジェクト管理,機能規模計測,テスト,https://www.dropbox.com/scl/fi/tw8e6pyqcu06hwdwbc350/.pdf?rlkey=l1zem1cmmx1xouqqmhz4hh20c&st=z0x6z7pk&dl=0,ソフトウェアメトリクス,ソフトウェア品質,ガントチャート,保守作業,ソフトウェア開発管理,WBS,構造化設計,レビュー,プロダクトの評価,ソフトウェア開発プロセス,ファンクションポイント,インスペクション,ウォークスルー,見積もり"
"168,ソフトウエア工学及び演習,3,情報システム工学コース（３年次）,大阪大学,完了,31,4年","ソフトウェアテスト,形式手法,ツール,オブジェクト指向分析,https://www.dropbox.com/scl/fi/amdmacpwvqwmb2pm2s1kr/.pdf?rlkey=iswy8kwaxctkw2s8h2zgo5jy2&st=swodqgrz&dl=0,ソフトウェア設計,アーキテクチャ,アジャイルソフトウトウェア開発,要求分析,工程モデル,UML,デザインパターン,ソフトウェア保守,開発環境,構造化分析"
"静岡大学,情報学部 [IN-B],27,3,ソフトウエア品質管理,完了,169,4年",",テストレポート,システムテスト,セキュリティテスト,レビュー,EclipseとJUnitの導入,探索的テスト,ブラックボックステスト,プロジェクト管理,ユーザビリティテスト,ソフトウェアライフサイクル,リスク分析,構成テスト,バグメトリクス,負荷テスト,テスト計画,テストケース設計,ホワイトボックステスト,スモークテスト,テスト設計書, ソースコードメトリクス,コードカバレッジメトリクス,テストプロセス, テストプロセス改善モデルTPI,メトリクス,ISO認証,回帰テスト,テスト,能⼒成熟度モデルCMM,品質管理,複雑度のメトリクス,https://www.dropbox.com/scl/fi/wpykjxnk131h0qows95iu/.pdf?rlkey=3xurxjtyvg4slem71ju31p9rn&st=lm58bvmy&dl=0,バグ,パフォーマンステスト"
"静岡大学,情報学部 [IN-B],重複,27,ソフトウエア品質管理,170",https://www.dropbox.com/scl/fi/zbrdarocn5h1l75l6axrx/2.pdf?rlkey=86ns5y0ldazbb2v7gdaitt0wn&st=97hj58up&dl=0
"ソフトウェア工学,171,3年,完了,32,大阪公立大学","ウォータフォールモデ ル,停⽌性,動的テスト,コントロールフロー 図,分析設計ツール,UML,クラス図,シーケンス図,ソフトウェア開発環境,ソフトウェアライフサイクル,品質,オブジェクト指向モデル,論理的検証法,状態遷移図, 統合開発ツール,要求分析モデル ,配置図,スパイラルモデル,ソフトウェア設計・管理,ソフトウェアテスト,部分正当性,オブジェクト指向分析,ソフトウェア要求分析,構造化定理,テストツール,ソフトウェア検証,ペトリネットモデル ,段階的詳細化,品質特性,https://www.dropbox.com/scl/fi/aufwmkqpw5yr68suuf7ku/.pdf?rlkey=xst5dbt5b3cowlg5mayugbeke&st=7agptgc2&dl=0,要求分析モデル,形式手法,データフロー図,ユ ースケース図,ERモデル,オブジ ェクト図,抽象化,分割統合,テス トケース設計"
"172,2年,ソフトウェア工学,山陽小野田私立山口東京理科大学,工学部 電気工学科,完了,38","要件定義,複合設計,ブラックボックステスト,ソフトウェア特性,データベース設計,オブジェクト指向設計,ホワイトボックステスト,ソフトウェア開発工程,インスペクション,https://www.dropbox.com/scl/fi/hcfjvytcgo0d6dkahpirf/.pdf?rlkey=kwgisw4pdzpdjmb7vbideuy34&st=nqmcy6dl&dl=0,オブジェクト指向分析,構造化設計,ボトムアップテスト,画面設計,構造化分析手法,ER図,トップダウンテスト,単体テスト,データフロー図,モジュールの外部設計と論理設計,　統合テスト,ウォークスルー"
"工学部工学科,愛媛大学,2年〜,173,ソフトウェア工学I,完了,39","設計,ブラックボックステスト,テスト,実装,保守,テスト駆動開発,プロトタイプ,要求分析,リファクタリング,ホワイトボックステスト,https://www.dropbox.com/scl/fi/k8pyh53i7rnjen0zt4801/I.pdf?rlkey=8p5klqneexkej11mz3mkzemyk&st=aw6x9c3n&dl=0,要求獲得,開発プロセス"
"工学部工学科,174,愛媛大学,3年〜,完了,ソフトウエア工学Ⅱ,39","ソフトウェアテスト,設計,https://www.dropbox.com/scl/fi/6xl2z8mxjxncqzgw4qfkg/.pdf?rlkey=dxmsecmqqabeudpvx44d4aryh&st=yyncwwza&dl=0,オブジェクト指向設計,システム分析,運用保守・管理,オブジェクト指向開発,要求分析,ドメイン分析,アジャイルソフトウェア開発"
"ソフトウェア工学,不明だけどコースなので学部っぽい,175,完了,長崎大学,43,情報工学コース","構成管理,ソフトウェア設計,UML,開発プロセス,規模見積もり,プロジェクト管理,外部設計,ソフトウェア開発規模,オブジェクト指向,ソフトウェアの性質,ユーザーインターフェース設計,並列分散アーキテクチャ,https://www.dropbox.com/scl/fi/ich61h8fjgamk4shwoeyx/.pdf?rlkey=mn3yw02imklj077vb10pma9p8&st=ccvwdxq4&dl=0,テスト,保守,書法,モジュール分割,SW-CMM,品質管理,要求分析,内部設計,プログラミング技法"
"176,学部不明,基本ソフトウェア論,関連なし,工学院大学,17",https://www.dropbox.com/scl/fi/sjuctd2fzf6tcjhurc0rr/.pdf?rlkey=m929aqgdtt8micfqg4dp6grk9&st=degolisl&dl=0
"177,学部不明,完了,工学院大学,17,システムソフトウェア","オブジェクト指向,インスタンス,クラス,https://www.dropbox.com/scl/fi/zj3e9m0lky5sx27jq3mdw/.pdf?rlkey=bvztuxdfi1v6w42f31h8xjpou&st=qlez7ls2&dl=0"
"178,学部不明,ソフトウェア工学I,完了,工学院大学,17","ソフトウェア要求仕様署,ユーザー検証テスト,シナリオ分析,ユースケースモデリング,アーキテクチャ,システムテスト,モデリング,UML,開発プロセス,振る舞い,プロジェクト管理,成果物レビュー,https://www.dropbox.com/scl/fi/1lvm12a8w0h2i3o8w72fq/I.pdf?rlkey=j0cojaogk6xnkz1wqybax5tjp&st=os5j9xxt&dl=0,オブジェクト指向,工程成果物,ソフトウェアテスト,クラスモデリング,ソフトウェアテストプロセス,状態遷移,品質評価方法,結合テスト,単体テスト,アーキテクチャ設計,要求分析,テスト仕様,モジュール設計"
"179,17,学部不明,完了,工学院大学,ソフトウェア工学II","プロジェクト管理,シナリオ,フィーチャーモデリング,クラス 構造,フレームワーク,https://www.dropbox.com/scl/fi/lsi54swcr8tunjfaaqyfh/II.pdf?rlkey=wi81kbm9uqntd2uojh4je5kjo&st=wo1os21o&dl=0,要求仕様書,基本設計,クラス間相互作⽤,パターン,プロダクトライン型の再利⽤,要求定義,ユースケース,基本設計書,クラス,ソフトウェア開発プロセス,コンポーネント,機能仕様"
"学部不明,180,関連なし,工学院大学,通信ソフトウェア論I,17",https://www.dropbox.com/scl/fi/uyxz8jmuz3l02m44a3o8d/I.pdf?rlkey=im1ogwvk615ts8u9v7uinbdf9&st=71afdzsq&dl=0
"学部不明,関連なし,181,工学院大学,通信ソフトウェア論II,17",https://www.dropbox.com/scl/fi/ixv3n7v5qpn9qbrexzrmp/II.pdf?rlkey=cxsy2ddtlmjlag41c914umpy7&st=yr94lx2y&dl=0
"修士,ソフトウェア開発工学特論,工学院大学,分析対象外,182,17",https://www.dropbox.com/scl/fi/ftyqrwbfqtz8lbnaa04s1/.pdf?rlkey=12er5w3dk75x2ylm7mkp603u4&st=6nzzeuav&dl=0
"情報科学部,ソフトウェア工学,37,183,完了,広島大学","ソフトウェア要求,ユーザの要求,ソフトウェア品質,オブジェクト指向設計,ソフトウェアテスト ,ソフトウェア設計,https://momiji.hiroshima-u.ac.jp/syllabusHtml/2024_15_KA127001.html,ソフトウェア実装,開発プロセス"
"ソフトウェアマネジメント	,情報科学部,184,37,完了,情報学部,広島大学","ソフトウェアテスト,開発日程計画手法,開発の進捗管理手法,ソフトウェアアーキテクチャ設計,CCPM,安全/信頼性要件,テスト駆動型開発,ソフトウェア統合テスト,安全分析手法,ソフトウェア開発のプロセス,https://momiji.hiroshima-u.ac.jp/syllabusHtml/2024_15_KA212001.html,テストの網羅性,プロジェクトマネジメント,EVM,コーディング"
185,
186,
187,
188,
189,
190,
191,
192,
193,
194,
195,
196,
197,
198,
199,
200,
201,
202,
203,
204,
205,
206,
207,
208,
209,
210,
211,
212,
213,
214,
215,
216,
217,
218,
219,
220,
221,
222,
223,
224,
225,
226,
227,
228,
229,
230,
231,
232,
233,
234,
235,
236,
237,
238,
239,
240,
241,
242,
243,
244,
245,
246,
247,
248,
249,
250,
251,
252,
253,
254,
255,
256,
257,
258,
259,
260,
261,
262,
263,
264,
265,
266,
267,
268,
269,
270,
271,
272,
273,
274,
275,
276,
277,
278,
279,
280,
281,
282,
283,
284,
285,
286,
287,
288,
289,
290,
291,
292,
293,
294,
295,
296,
297,
298,
299,
300,
301,
302,
303,
304,
305,
306,
307,
308,
309,
310,
311,
312,
313,
314,
315,
316,
317,
318,
319,
320,
321,
322,
323,
324,
325,
326,
327,
328,
329,
330,
331,
332,
333,
334,
335,
336,
337,
338,
339,
340,
341,
